{"base_files_url": "", "db_files": ["arcadeoffsetdb.json.zip"], "db_id": "arcade_offset_folder", "db_url": "https://raw.githubusercontent.com/atrac17/Arcade_Offset/db/arcadeoffsetdb.json.zip", "default_options": {}, "files": {"_Arcade/_Arcade Offset/_CP System Changer/Street Fighter Zero (CPS Changer, Japan 201218).mra": {"delete": [], "hash": "5a5b1ec9a1db4028c36e7825441f1402", "size": 19628, "url": "https://raw.githubusercontent.com/atrac17/Arcade_Offset/cb9701796727b316ec9ed32e4ba0b50e2731ede2/release/_Arcade%20Offset/_CP%20System%20Changer/Street%20Fighter%20Zero%20%28CPS%20Changer%2C%20Japan%20201218%29.mra"}, "_Arcade/_Arcade Offset/_CP System Changer/Tenchi wo Kurau II Sekiheki no Tatakai (CPS Changer, Japan 921031) [Unlocked].mra": {"delete": [], "hash": "9a67b5dd7895a0e8cc4438a09c8c6c0c", "size": 3614, "url": "https://raw.githubusercontent.com/atrac17/Arcade_Offset/cb9701796727b316ec9ed32e4ba0b50e2731ede2/release/_Arcade%20Offset/_CP%20System%20Changer/Tenchi%20wo%20Kurau%20II%20Sekiheki%20no%20Tatakai%20%28CPS%20Changer%2C%20Japan%20921031%29%20%5BUnlocked%5D.mra"}, "_Arcade/_Arcade Offset/_CP System II/Final Fight 30th Anniversary CPS2 Edition (World 891214).mra": {"delete": [], "hash": "72b23abe2e59a32c6a60e90c63ce321a", "size": 3451, "url": "https://raw.githubusercontent.com/atrac17/Arcade_Offset/cb9701796727b316ec9ed32e4ba0b50e2731ede2/release/_Arcade%20Offset/_CP%20System%20II/Final%20Fight%2030th%20Anniversary%20CPS2%20Edition%20%28World%20891214%29.mra"}, "_Arcade/_Arcade Offset/_CP System II/Progear Red Label Halfway to Hell (Japan 160117).mra": {"delete": [], "hash": "0e8fbd656516d52b34499d3eafe6834b", "size": 2910318, "url": "https://raw.githubusercontent.com/atrac17/Arcade_Offset/cb9701796727b316ec9ed32e4ba0b50e2731ede2/release/_Arcade%20Offset/_CP%20System%20II/Progear%20Red%20Label%20Halfway%20to%20Hell%20%28Japan%20160117%29.mra"}, "_Arcade/_Arcade Offset/_CP System II/Street Fighter Zero 3 Mix (Brazil 220325 V0.07).mra": {"delete": [], "hash": "3eefed5e1506540a1bfdbcb44e222154", "size": 25096379, "url": "https://raw.githubusercontent.com/atrac17/Arcade_Offset/cb9701796727b316ec9ed32e4ba0b50e2731ede2/release/_Arcade%20Offset/_CP%20System%20II/Street%20Fighter%20Zero%203%20Mix%20%28Brazil%20220325%20V0.07%29.mra"}, "_Arcade/_Arcade Offset/_CP System II/Super Puzzle Fighter II X' Prime (Euro 2100823).mra": {"delete": [], "hash": "c710741d9e44ca7fa428bee38fc865d1", "size": 61741, "url": "https://raw.githubusercontent.com/atrac17/Arcade_Offset/cb9701796727b316ec9ed32e4ba0b50e2731ede2/release/_Arcade%20Offset/_CP%20System%20II/Super%20Puzzle%20Fighter%20II%20X%27%20Prime%20%28Euro%202100823%29.mra"}, "_Arcade/_Arcade Offset/_CP System II/Super Street Fighter II The New Challengers Super 2 (USA 930911) [Hack].mra": {"delete": [], "hash": "7727b2ce3a0912a28ab61386fba2cf98", "size": 5340, "url": "https://raw.githubusercontent.com/atrac17/Arcade_Offset/cb9701796727b316ec9ed32e4ba0b50e2731ede2/release/_Arcade%20Offset/_CP%20System%20II/Super%20Street%20Fighter%20II%20The%20New%20Challengers%20Super%202%20%28USA%20930911%29%20%5BHack%5D.mra"}, "_Arcade/_Arcade Offset/_CP System II/Super Street Fighter II The New Legacy (World 201113) [Beta v0.4].mra": {"delete": [], "hash": "6063dfb1cb108a1aaaf33c51ef4d7f45", "size": 1308704, "url": "https://raw.githubusercontent.com/atrac17/Arcade_Offset/cb9701796727b316ec9ed32e4ba0b50e2731ede2/release/_Arcade%20Offset/_CP%20System%20II/Super%20Street%20Fighter%20II%20The%20New%20Legacy%20%28World%20201113%29%20%5BBeta%20v0.4%5D.mra"}, "_Arcade/_Arcade Offset/_CP System II/Super Street Fighter II The New Legacy (World 210611) [Beta v0.5].mra": {"delete": [], "hash": "f875caa247a54f91570febe1f7a5308c", "size": 1351125, "url": "https://raw.githubusercontent.com/atrac17/Arcade_Offset/cb9701796727b316ec9ed32e4ba0b50e2731ede2/release/_Arcade%20Offset/_CP%20System%20II/Super%20Street%20Fighter%20II%20The%20New%20Legacy%20%28World%20210611%29%20%5BBeta%20v0.5%5D.mra"}, "_Arcade/_Arcade Offset/_CP System II/Super Street Fighter II The New Legacy (World 220208) [Beta v0.6].mra": {"delete": [], "hash": "6312d300de68c1f2e4b3aae22c9da6ed", "size": 1834545, "url": "https://raw.githubusercontent.com/atrac17/Arcade_Offset/cb9701796727b316ec9ed32e4ba0b50e2731ede2/release/_Arcade%20Offset/_CP%20System%20II/Super%20Street%20Fighter%20II%20The%20New%20Legacy%20%28World%20220208%29%20%5BBeta%20v0.6%5D.mra"}, "_Arcade/_Arcade Offset/_CP System II/Super Street Fighter II The New Legacy (World 220715) [Beta v0.7].mra": {"delete": [], "hash": "f15515defe4d1b994b15345a8dc10aca", "size": 4638, "url": "https://raw.githubusercontent.com/atrac17/Arcade_Offset/cb9701796727b316ec9ed32e4ba0b50e2731ede2/release/_Arcade%20Offset/_CP%20System%20II/Super%20Street%20Fighter%20II%20The%20New%20Legacy%20%28World%20220715%29%20%5BBeta%20v0.7%5D.mra"}, "_Arcade/_Arcade Offset/_CP System II/Super Street Fighter II The New Legacy (World 230723) [Beta v0.8].mra": {"delete": [], "hash": "bb71c2fb5221fadeb0a08d979a6dbe69", "size": 2066702, "url": "https://raw.githubusercontent.com/atrac17/Arcade_Offset/cb9701796727b316ec9ed32e4ba0b50e2731ede2/release/_Arcade%20Offset/_CP%20System%20II/Super%20Street%20Fighter%20II%20The%20New%20Legacy%20%28World%20230723%29%20%5BBeta%20v0.8%5D.mra"}, "_Arcade/_Arcade Offset/_CP System II/_Colorblind/Super Puzzle Fighter II Turbo (Euro 960529) [CB V.1].mra": {"delete": [], "hash": "c7eb915b351a2c9f51b92d48cf4373c9", "size": 4302, "url": "https://raw.githubusercontent.com/atrac17/Arcade_Offset/cb9701796727b316ec9ed32e4ba0b50e2731ede2/release/_Arcade%20Offset/_CP%20System%20II/_Colorblind/Super%20Puzzle%20Fighter%20II%20Turbo%20%28Euro%20960529%29%20%5BCB%20V.1%5D.mra"}, "_Arcade/_Arcade Offset/_CP System II/_Colorblind/Super Puzzle Fighter II Turbo (Euro 960529) [CB V.2].mra": {"delete": [], "hash": "8d13908d253aa9c63a0e703f187f108d", "size": 4253, "url": "https://raw.githubusercontent.com/atrac17/Arcade_Offset/cb9701796727b316ec9ed32e4ba0b50e2731ede2/release/_Arcade%20Offset/_CP%20System%20II/_Colorblind/Super%20Puzzle%20Fighter%20II%20Turbo%20%28Euro%20960529%29%20%5BCB%20V.2%5D.mra"}, "_Arcade/_Arcade Offset/_CP System II/_Colorblind/Super Puzzle Fighter II Turbo (USA 960620) [CB V.1].mra": {"delete": [], "hash": "b0b938529a09114f1e5806e532045005", "size": 4312, "url": "https://raw.githubusercontent.com/atrac17/Arcade_Offset/cb9701796727b316ec9ed32e4ba0b50e2731ede2/release/_Arcade%20Offset/_CP%20System%20II/_Colorblind/Super%20Puzzle%20Fighter%20II%20Turbo%20%28USA%20960620%29%20%5BCB%20V.1%5D.mra"}, "_Arcade/_Arcade Offset/_CP System II/_Colorblind/Super Puzzle Fighter II Turbo (USA 960620) [CB V.2].mra": {"delete": [], "hash": "26c2e2aec43bb1f14c92d63193dd4063", "size": 4263, "url": "https://raw.githubusercontent.com/atrac17/Arcade_Offset/cb9701796727b316ec9ed32e4ba0b50e2731ede2/release/_Arcade%20Offset/_CP%20System%20II/_Colorblind/Super%20Puzzle%20Fighter%20II%20Turbo%20%28USA%20960620%29%20%5BCB%20V.2%5D.mra"}, "_Arcade/_Arcade Offset/_CP System II/_Colorblind/Super Puzzle Fighter II X (Japan 960531) [CB V.1].mra": {"delete": [], "hash": "31e99f9c71d24e0b088c0ce88ec93d01", "size": 4312, "url": "https://raw.githubusercontent.com/atrac17/Arcade_Offset/cb9701796727b316ec9ed32e4ba0b50e2731ede2/release/_Arcade%20Offset/_CP%20System%20II/_Colorblind/Super%20Puzzle%20Fighter%20II%20X%20%28Japan%20960531%29%20%5BCB%20V.1%5D.mra"}, "_Arcade/_Arcade Offset/_CP System II/_Colorblind/Super Puzzle Fighter II X (Japan 960531) [CB V.2].mra": {"delete": [], "hash": "d25d3a14bbe0e1985fe9baa915436fe5", "size": 4263, "url": "https://raw.githubusercontent.com/atrac17/Arcade_Offset/cb9701796727b316ec9ed32e4ba0b50e2731ede2/release/_Arcade%20Offset/_CP%20System%20II/_Colorblind/Super%20Puzzle%20Fighter%20II%20X%20%28Japan%20960531%29%20%5BCB%20V.2%5D.mra"}, "_Arcade/_Arcade Offset/_CP System II/_Colorblind/Super Puzzle Fighter II X' Prime (Euro 2100823) [CB V.1].mra": {"delete": [], "hash": "f0f483169d4921b31dccee8f94107791", "size": 62310, "url": "https://raw.githubusercontent.com/atrac17/Arcade_Offset/cb9701796727b316ec9ed32e4ba0b50e2731ede2/release/_Arcade%20Offset/_CP%20System%20II/_Colorblind/Super%20Puzzle%20Fighter%20II%20X%27%20Prime%20%28Euro%202100823%29%20%5BCB%20V.1%5D.mra"}, "_Arcade/_Arcade Offset/_CP System II/_Colorblind/Super Puzzle Fighter II X' Prime (Euro 2100823) [CB V.2].mra": {"delete": [], "hash": "906af9eb76f74b4985481b826ae72ae9", "size": 62261, "url": "https://raw.githubusercontent.com/atrac17/Arcade_Offset/cb9701796727b316ec9ed32e4ba0b50e2731ede2/release/_Arcade%20Offset/_CP%20System%20II/_Colorblind/Super%20Puzzle%20Fighter%20II%20X%27%20Prime%20%28Euro%202100823%29%20%5BCB%20V.2%5D.mra"}, "_Arcade/_Arcade Offset/_CP System II/_HBMame/Street Fighter Zero 2 Alpha Super Golden (Japan 200217) [hbmame].mra": {"delete": [], "hash": "889d38c72c6772c466d9fa10f8de194c", "size": 10720, "url": "https://raw.githubusercontent.com/atrac17/Arcade_Offset/cb9701796727b316ec9ed32e4ba0b50e2731ede2/release/_Arcade%20Offset/_CP%20System%20II/_HBMame/Street%20Fighter%20Zero%202%20Alpha%20Super%20Golden%20%28Japan%20200217%29%20%5Bhbmame%5D.mra"}, "_Arcade/_Arcade Offset/_CP System II/_Training/Street Fighter Alpha 2 (Euro 960229) [Training Edition].mra": {"delete": [], "hash": "74a07ad3d170c5352f5bd053f8a47380", "size": 4469, "url": "https://raw.githubusercontent.com/atrac17/Arcade_Offset/cb9701796727b316ec9ed32e4ba0b50e2731ede2/release/_Arcade%20Offset/_CP%20System%20II/_Training/Street%20Fighter%20Alpha%202%20%28Euro%20960229%29%20%5BTraining%20Edition%5D.mra"}, "_Arcade/_Arcade Offset/_CP System II/_Training/Street Fighter Alpha 2 (USA 960430) [Training Edition].mra": {"delete": [], "hash": "cbc8025c8727adcbe4c282729023d084", "size": 4481, "url": "https://raw.githubusercontent.com/atrac17/Arcade_Offset/cb9701796727b316ec9ed32e4ba0b50e2731ede2/release/_Arcade%20Offset/_CP%20System%20II/_Training/Street%20Fighter%20Alpha%202%20%28USA%20960430%29%20%5BTraining%20Edition%5D.mra"}, "_Arcade/_Arcade Offset/_CP System II/_Training/Street Fighter Zero 3 (Japan 980629) [Training Edition v1.1].mra": {"delete": [], "hash": "93676ad669c41df7e456431968e35ff6", "size": 9117, "url": "https://raw.githubusercontent.com/atrac17/Arcade_Offset/cb9701796727b316ec9ed32e4ba0b50e2731ede2/release/_Arcade%20Offset/_CP%20System%20II/_Training/Street%20Fighter%20Zero%203%20%28Japan%20980629%29%20%5BTraining%20Edition%20v1.1%5D.mra"}, "_Arcade/_Arcade Offset/_CP System II/_Training/Super Street Fighter II Turbo (Asia 940223) [Training Edition].mra": {"delete": [], "hash": "7f969b45e64a1e129f4a7677aa57ae4c", "size": 6021, "url": "https://raw.githubusercontent.com/atrac17/Arcade_Offset/cb9701796727b316ec9ed32e4ba0b50e2731ede2/release/_Arcade%20Offset/_CP%20System%20II/_Training/Super%20Street%20Fighter%20II%20Turbo%20%28Asia%20940223%29%20%5BTraining%20Edition%5D.mra"}, "_Arcade/_Arcade Offset/_CP System II/_Training/Vampire Savior The Lord of Vampire (Euro 970519) [Aesthetic Mod v1.3 Training Edition].mra": {"delete": [], "hash": "083f199f82fbd028e0ab225df9784267", "size": 12200, "url": "https://raw.githubusercontent.com/atrac17/Arcade_Offset/cb9701796727b316ec9ed32e4ba0b50e2731ede2/release/_Arcade%20Offset/_CP%20System%20II/_Training/Vampire%20Savior%20The%20Lord%20of%20Vampire%20%28Euro%20970519%29%20%5BAesthetic%20Mod%20v1.3%20Training%20Edition%5D.mra"}, "_Arcade/_Arcade Offset/_CP System II/_Training/Vampire Savior The Lord of Vampire (Euro 970519) [Aesthetic Mod v1.4 Training Edition].mra": {"delete": [], "hash": "4ab21d90c9865a4860f27887927135d8", "size": 34874, "url": "https://raw.githubusercontent.com/atrac17/Arcade_Offset/cb9701796727b316ec9ed32e4ba0b50e2731ede2/release/_Arcade%20Offset/_CP%20System%20II/_Training/Vampire%20Savior%20The%20Lord%20of%20Vampire%20%28Euro%20970519%29%20%5BAesthetic%20Mod%20v1.4%20Training%20Edition%5D.mra"}, "_Arcade/_Arcade Offset/_CP System II/_Training/Vampire Savior The Lord of Vampire (Euro 970519) [Training Edition].mra": {"delete": [], "hash": "9aec2d2427f7123847b90f0d8332634c", "size": 6005, "url": "https://raw.githubusercontent.com/atrac17/Arcade_Offset/cb9701796727b316ec9ed32e4ba0b50e2731ede2/release/_Arcade%20Offset/_CP%20System%20II/_Training/Vampire%20Savior%20The%20Lord%20of%20Vampire%20%28Euro%20970519%29%20%5BTraining%20Edition%5D.mra"}, "_Arcade/_Arcade Offset/_CP System II/_Unlocked/Cyberbots Fullmetal Madness (Euro 950424 Access Mod).mra": {"delete": [], "hash": "e311147706aa556a40d69bb434a58134", "size": 5535, "url": "https://raw.githubusercontent.com/atrac17/Arcade_Offset/cb9701796727b316ec9ed32e4ba0b50e2731ede2/release/_Arcade%20Offset/_CP%20System%20II/_Unlocked/Cyberbots%20Fullmetal%20Madness%20%28Euro%20950424%20Access%20Mod%29.mra"}, "_Arcade/_Arcade Offset/_CP System II/_Unlocked/Darkstalkers Jedahs Damnation (Euro 970519) [Aesthetic Mod v1.3].mra": {"delete": [], "hash": "953401a528703491bce65ccb4a349877", "size": 10543, "url": "https://raw.githubusercontent.com/atrac17/Arcade_Offset/cb9701796727b316ec9ed32e4ba0b50e2731ede2/release/_Arcade%20Offset/_CP%20System%20II/_Unlocked/Darkstalkers%20Jedahs%20Damnation%20%28Euro%20970519%29%20%5BAesthetic%20Mod%20v1.3%5D.mra"}, "_Arcade/_Arcade Offset/_CP System II/_Unlocked/Dimahoo (Euro 000121) [Unlocked].mra": {"delete": [], "hash": "f2e99bc93cb13a90d359de015fe24971", "size": 3915, "url": "https://raw.githubusercontent.com/atrac17/Arcade_Offset/cb9701796727b316ec9ed32e4ba0b50e2731ede2/release/_Arcade%20Offset/_CP%20System%20II/_Unlocked/Dimahoo%20%28Euro%20000121%29%20%5BUnlocked%5D.mra"}, "_Arcade/_Arcade Offset/_CP System II/_Unlocked/Dimahoo (USA 000121) [Unlocked].mra": {"delete": [], "hash": "6097ada2929c6b525e41a3e2989d5938", "size": 3912, "url": "https://raw.githubusercontent.com/atrac17/Arcade_Offset/cb9701796727b316ec9ed32e4ba0b50e2731ede2/release/_Arcade%20Offset/_CP%20System%20II/_Unlocked/Dimahoo%20%28USA%20000121%29%20%5BUnlocked%5D.mra"}, "_Arcade/_Arcade Offset/_CP System II/_Unlocked/Great Mahou Daisakusen (Japan 000121) [Unlocked].mra": {"delete": [], "hash": "5bb5440da4ad7058660c779d179a0d42", "size": 3929, "url": "https://raw.githubusercontent.com/atrac17/Arcade_Offset/cb9701796727b316ec9ed32e4ba0b50e2731ede2/release/_Arcade%20Offset/_CP%20System%20II/_Unlocked/Great%20Mahou%20Daisakusen%20%28Japan%20000121%29%20%5BUnlocked%5D.mra"}, "_Arcade/_Arcade Offset/_CP System II/_Unlocked/Marvel Super Heroes (Japan 951117) [Unlocked].mra": {"delete": [], "hash": "672d80e4f0166cc3db53da51df614e23", "size": 4523, "url": "https://raw.githubusercontent.com/atrac17/Arcade_Offset/cb9701796727b316ec9ed32e4ba0b50e2731ede2/release/_Arcade%20Offset/_CP%20System%20II/_Unlocked/Marvel%20Super%20Heroes%20%28Japan%20951117%29%20%5BUnlocked%5D.mra"}, "_Arcade/_Arcade Offset/_CP System II/_Unlocked/Marvel Super Heroes (USA 951117) [Unlocked].mra": {"delete": [], "hash": "292bddc208cdf269367c6a5e765b6deb", "size": 4561, "url": "https://raw.githubusercontent.com/atrac17/Arcade_Offset/cb9701796727b316ec9ed32e4ba0b50e2731ede2/release/_Arcade%20Offset/_CP%20System%20II/_Unlocked/Marvel%20Super%20Heroes%20%28USA%20951117%29%20%5BUnlocked%5D.mra"}, "_Arcade/_Arcade Offset/_CP System II/_Unlocked/Marvel Super Heroes Vs. Street Fighter (Japan 970707) [Unlocked].mra": {"delete": [], "hash": "c631362becf99faf55b8e1fcc849c494", "size": 5650, "url": "https://raw.githubusercontent.com/atrac17/Arcade_Offset/cb9701796727b316ec9ed32e4ba0b50e2731ede2/release/_Arcade%20Offset/_CP%20System%20II/_Unlocked/Marvel%20Super%20Heroes%20Vs.%20Street%20Fighter%20%28Japan%20970707%29%20%5BUnlocked%5D.mra"}, "_Arcade/_Arcade Offset/_CP System II/_Unlocked/Marvel Super Heroes Vs. Street Fighter (USA 970625) [Unlocked].mra": {"delete": [], "hash": "c29bfa04cad776d07e516201b76582f1", "size": 5985, "url": "https://raw.githubusercontent.com/atrac17/Arcade_Offset/cb9701796727b316ec9ed32e4ba0b50e2731ede2/release/_Arcade%20Offset/_CP%20System%20II/_Unlocked/Marvel%20Super%20Heroes%20Vs.%20Street%20Fighter%20%28USA%20970625%29%20%5BUnlocked%5D.mra"}, "_Arcade/_Arcade Offset/_CP System II/_Unlocked/Marvel Vs. Capcom Clash of Super Heroes (Japan 980112) [Onslaught Edition].mra": {"delete": [], "hash": "2a61f221c0943902893d00de4ed3ff30", "size": 6546, "url": "https://raw.githubusercontent.com/atrac17/Arcade_Offset/cb9701796727b316ec9ed32e4ba0b50e2731ede2/release/_Arcade%20Offset/_CP%20System%20II/_Unlocked/Marvel%20Vs.%20Capcom%20Clash%20of%20Super%20Heroes%20%28Japan%20980112%29%20%5BOnslaught%20Edition%5D.mra"}, "_Arcade/_Arcade Offset/_CP System II/_Unlocked/Marvel Vs. Capcom Clash of Super Heroes (Japan 980123) [Unlocked].mra": {"delete": [], "hash": "6abda187aebe1dd53e440ce7a04a79d7", "size": 4667, "url": "https://raw.githubusercontent.com/atrac17/Arcade_Offset/cb9701796727b316ec9ed32e4ba0b50e2731ede2/release/_Arcade%20Offset/_CP%20System%20II/_Unlocked/Marvel%20Vs.%20Capcom%20Clash%20of%20Super%20Heroes%20%28Japan%20980123%29%20%5BUnlocked%5D.mra"}, "_Arcade/_Arcade Offset/_CP System II/_Unlocked/Marvel Vs. Capcom Clash of Super Heroes (USA 980112) [Onslaught Edition].mra": {"delete": [], "hash": "6bdf800c5596053f96ba1439e7945441", "size": 6584, "url": "https://raw.githubusercontent.com/atrac17/Arcade_Offset/cb9701796727b316ec9ed32e4ba0b50e2731ede2/release/_Arcade%20Offset/_CP%20System%20II/_Unlocked/Marvel%20Vs.%20Capcom%20Clash%20of%20Super%20Heroes%20%28USA%20980112%29%20%5BOnslaught%20Edition%5D.mra"}, "_Arcade/_Arcade Offset/_CP System II/_Unlocked/Marvel Vs. Capcom Clash of Super Heroes (USA 980123) [Unlocked].mra": {"delete": [], "hash": "520f83e714f4f51a0c5d8176a6bb79a0", "size": 4663, "url": "https://raw.githubusercontent.com/atrac17/Arcade_Offset/cb9701796727b316ec9ed32e4ba0b50e2731ede2/release/_Arcade%20Offset/_CP%20System%20II/_Unlocked/Marvel%20Vs.%20Capcom%20Clash%20of%20Super%20Heroes%20%28USA%20980123%29%20%5BUnlocked%5D.mra"}, "_Arcade/_Arcade Offset/_CP System II/_Unlocked/Progear (USA 010117, Second Loop) [Unlocked].mra": {"delete": [], "hash": "81fa61b08b71bdebf3f4665b0800dbdc", "size": 6803, "url": "https://raw.githubusercontent.com/atrac17/Arcade_Offset/cb9701796727b316ec9ed32e4ba0b50e2731ede2/release/_Arcade%20Offset/_CP%20System%20II/_Unlocked/Progear%20%28USA%20010117%2C%20Second%20Loop%29%20%5BUnlocked%5D.mra"}, "_Arcade/_Arcade Offset/_CP System II/_Unlocked/Progear no Arashi (Japan 010117, Second Loop) [Unlocked].mra": {"delete": [], "hash": "b2aefcc3c3344c1759f09ac0c5889f6c", "size": 4728, "url": "https://raw.githubusercontent.com/atrac17/Arcade_Offset/cb9701796727b316ec9ed32e4ba0b50e2731ede2/release/_Arcade%20Offset/_CP%20System%20II/_Unlocked/Progear%20no%20Arashi%20%28Japan%20010117%2C%20Second%20Loop%29%20%5BUnlocked%5D.mra"}, "_Arcade/_Arcade Offset/_CP System II/_Unlocked/Street Fighter Zero (Japan 950727) [Unlocked v1].mra": {"delete": [], "hash": "546b26102984b495ff5b9f41cfde048d", "size": 4305, "url": "https://raw.githubusercontent.com/atrac17/Arcade_Offset/cb9701796727b316ec9ed32e4ba0b50e2731ede2/release/_Arcade%20Offset/_CP%20System%20II/_Unlocked/Street%20Fighter%20Zero%20%28Japan%20950727%29%20%5BUnlocked%20v1%5D.mra"}, "_Arcade/_Arcade Offset/_CP System II/_Unlocked/Street Fighter Zero 2 Alpha (Asia 960826) [Unlocked].mra": {"delete": [], "hash": "f3ed226db77fcfa70617586c4f21e973", "size": 4573, "url": "https://raw.githubusercontent.com/atrac17/Arcade_Offset/cb9701796727b316ec9ed32e4ba0b50e2731ede2/release/_Arcade%20Offset/_CP%20System%20II/_Unlocked/Street%20Fighter%20Zero%202%20Alpha%20%28Asia%20960826%29%20%5BUnlocked%5D.mra"}, "_Arcade/_Arcade Offset/_CP System II/_Unlocked/Street Fighter Zero 2 Alpha (Japan 960805) [Unlocked].mra": {"delete": [], "hash": "3f6da64aa9c655b55ed572badb2007ad", "size": 4582, "url": "https://raw.githubusercontent.com/atrac17/Arcade_Offset/cb9701796727b316ec9ed32e4ba0b50e2731ede2/release/_Arcade%20Offset/_CP%20System%20II/_Unlocked/Street%20Fighter%20Zero%202%20Alpha%20%28Japan%20960805%29%20%5BUnlocked%5D.mra"}, "_Arcade/_Arcade Offset/_CP System II/_Unlocked/Street Fighter Zero 2 Alpha (USA 960813) [Unlocked].mra": {"delete": [], "hash": "b77edb433114802d0c53c9cac0c7fd58", "size": 4617, "url": "https://raw.githubusercontent.com/atrac17/Arcade_Offset/cb9701796727b316ec9ed32e4ba0b50e2731ede2/release/_Arcade%20Offset/_CP%20System%20II/_Unlocked/Street%20Fighter%20Zero%202%20Alpha%20%28USA%20960813%29%20%5BUnlocked%5D.mra"}, "_Arcade/_Arcade Offset/_CP System II/_Unlocked/Street Fighter Zero 3 (Japan 980904) [Unlocked].mra": {"delete": [], "hash": "f63c8210b5809282629099190926b360", "size": 4771, "url": "https://raw.githubusercontent.com/atrac17/Arcade_Offset/cb9701796727b316ec9ed32e4ba0b50e2731ede2/release/_Arcade%20Offset/_CP%20System%20II/_Unlocked/Street%20Fighter%20Zero%203%20%28Japan%20980904%29%20%5BUnlocked%5D.mra"}, "_Arcade/_Arcade Offset/_CP System II/_Unlocked/Super Street Fighter II X Grand Master Challenge (Japan 940223) [Free Play].mra": {"delete": [], "hash": "f617364fa9d376ec2ababdfb8939356a", "size": 4694, "url": "https://raw.githubusercontent.com/atrac17/Arcade_Offset/cb9701796727b316ec9ed32e4ba0b50e2731ede2/release/_Arcade%20Offset/_CP%20System%20II/_Unlocked/Super%20Street%20Fighter%20II%20X%20Grand%20Master%20Challenge%20%28Japan%20940223%29%20%5BFree%20Play%5D.mra"}, "_Arcade/_Arcade Offset/_CP System II/_Unlocked/Super Street Fighter II X Grand Master Challenge (Japan 940311) [Free Play].mra": {"delete": [], "hash": "f0de8199c77a42000b99f12a93bde0ed", "size": 4695, "url": "https://raw.githubusercontent.com/atrac17/Arcade_Offset/cb9701796727b316ec9ed32e4ba0b50e2731ede2/release/_Arcade%20Offset/_CP%20System%20II/_Unlocked/Super%20Street%20Fighter%20II%20X%20Grand%20Master%20Challenge%20%28Japan%20940311%29%20%5BFree%20Play%5D.mra"}, "_Arcade/_Arcade Offset/_CP System II/_Unlocked/Vampire Savior The Lord of Vampire (Euro 970519) [Aesthetic Mod v1.3].mra": {"delete": [], "hash": "0d9e516eb37aa0f45dde4ca69c7d6715", "size": 10542, "url": "https://raw.githubusercontent.com/atrac17/Arcade_Offset/cb9701796727b316ec9ed32e4ba0b50e2731ede2/release/_Arcade%20Offset/_CP%20System%20II/_Unlocked/Vampire%20Savior%20The%20Lord%20of%20Vampire%20%28Euro%20970519%29%20%5BAesthetic%20Mod%20v1.3%5D.mra"}, "_Arcade/_Arcade Offset/_CP System II/_Unlocked/Vampire Savior The Lord of Vampire (Euro 970519) [Aesthetic Mod v1.4].mra": {"delete": [], "hash": "ec10ac0d680ed6589a21fb06a44589d6", "size": 33218, "url": "https://raw.githubusercontent.com/atrac17/Arcade_Offset/cb9701796727b316ec9ed32e4ba0b50e2731ede2/release/_Arcade%20Offset/_CP%20System%20II/_Unlocked/Vampire%20Savior%20The%20Lord%20of%20Vampire%20%28Euro%20970519%29%20%5BAesthetic%20Mod%20v1.4%5D.mra"}, "_Arcade/_Arcade Offset/_CP System II/_Unlocked/Vampire Savior The Lord of Vampire (Euro 970519) [Unlocked].mra": {"delete": [], "hash": "dd9d7774f9be0cb5d273cc53071b726d", "size": 7488, "url": "https://raw.githubusercontent.com/atrac17/Arcade_Offset/cb9701796727b316ec9ed32e4ba0b50e2731ede2/release/_Arcade%20Offset/_CP%20System%20II/_Unlocked/Vampire%20Savior%20The%20Lord%20of%20Vampire%20%28Euro%20970519%29%20%5BUnlocked%5D.mra"}, "_Arcade/_Arcade Offset/_CP System II/_Unlocked/X-Men Children of the Atom (Japan 941219) [Unlocked].mra": {"delete": [], "hash": "fef85feb4d5a4d98550983fc31e95e87", "size": 5132, "url": "https://raw.githubusercontent.com/atrac17/Arcade_Offset/cb9701796727b316ec9ed32e4ba0b50e2731ede2/release/_Arcade%20Offset/_CP%20System%20II/_Unlocked/X-Men%20Children%20of%20the%20Atom%20%28Japan%20941219%29%20%5BUnlocked%5D.mra"}, "_Arcade/_Arcade Offset/_CP System II/_Unlocked/X-Men Children of the Atom (USA 941219) [Unlocked].mra": {"delete": [], "hash": "41afb7fa6a73923b52d04afd8ab13c53", "size": 5170, "url": "https://raw.githubusercontent.com/atrac17/Arcade_Offset/cb9701796727b316ec9ed32e4ba0b50e2731ede2/release/_Arcade%20Offset/_CP%20System%20II/_Unlocked/X-Men%20Children%20of%20the%20Atom%20%28USA%20941219%29%20%5BUnlocked%5D.mra"}, "_Arcade/_Arcade Offset/_CP System/Final Fight 30th Anniversary Edition (World 891214).mra": {"delete": [], "hash": "2fa57477f4cdf52aa11625ca4f4d7e51", "size": 152355, "url": "https://raw.githubusercontent.com/atrac17/Arcade_Offset/cb9701796727b316ec9ed32e4ba0b50e2731ede2/release/_Arcade%20Offset/_CP%20System/Final%20Fight%2030th%20Anniversary%20Edition%20%28World%20891214%29.mra"}, "_Arcade/_Arcade Offset/_CP System/Street Fighter II' Champion Edition (Double K.O. Turbo II).mra": {"delete": [], "hash": "650bd457c0cbc13a82ec196732abcfe3", "size": 4767, "url": "https://raw.githubusercontent.com/atrac17/Arcade_Offset/cb9701796727b316ec9ed32e4ba0b50e2731ede2/release/_Arcade%20Offset/_CP%20System/Street%20Fighter%20II%27%20Champion%20Edition%20%28Double%20K.O.%20Turbo%20II%29.mra"}, "_Arcade/_Arcade Offset/_CP System/Street Fighter II' Champion Edition (Rainbow Edition, Set 1).mra": {"delete": [], "hash": "2dce12de8af7bec29027829bf176c9e5", "size": 5054, "url": "https://raw.githubusercontent.com/atrac17/Arcade_Offset/cb9701796727b316ec9ed32e4ba0b50e2731ede2/release/_Arcade%20Offset/_CP%20System/Street%20Fighter%20II%27%20Champion%20Edition%20%28Rainbow%20Edition%2C%20Set%201%29.mra"}, "_Arcade/_Arcade Offset/_CP System/Street Smart Final Fight (Japan) [Hack].mra": {"delete": [], "hash": "a2c4a4b9eac8252fa60bced54361673b", "size": 3892, "url": "https://raw.githubusercontent.com/atrac17/Arcade_Offset/cb9701796727b316ec9ed32e4ba0b50e2731ede2/release/_Arcade%20Offset/_CP%20System/Street%20Smart%20Final%20Fight%20%28Japan%29%20%5BHack%5D.mra"}, "_Arcade/_Arcade Offset/_CP System/_HBMame/Street Fighter 2 Mix (Ver 1.0 210623) [hbmame].mra": {"delete": [], "hash": "1cc8596e4156c5d298c84e17fd014390", "size": 7624989, "url": "https://raw.githubusercontent.com/atrac17/Arcade_Offset/cb9701796727b316ec9ed32e4ba0b50e2731ede2/release/_Arcade%20Offset/_CP%20System/_HBMame/Street%20Fighter%202%20Mix%20%28Ver%201.0%20210623%29%20%5Bhbmame%5D.mra"}, "_Arcade/_Arcade Offset/_CP System/_HBMame/Street Fighter II' Champion Edition (Extra Koryu 190613) [hbmame].mra": {"delete": [], "hash": "ab4aa618fda3db97ebe837825adbf116", "size": 366770, "url": "https://raw.githubusercontent.com/atrac17/Arcade_Offset/cb9701796727b316ec9ed32e4ba0b50e2731ede2/release/_Arcade%20Offset/_CP%20System/_HBMame/Street%20Fighter%20II%27%20Champion%20Edition%20%28Extra%20Koryu%20190613%29%20%5Bhbmame%5D.mra"}, "_Arcade/_Arcade Offset/_CP System/_HBMame/Street Fighter II' Champion Edition (Golden Edition 180924) [hbmame].mra": {"delete": [], "hash": "89b72912e455012fb1985a75f65e03b2", "size": 2556839, "url": "https://raw.githubusercontent.com/atrac17/Arcade_Offset/cb9701796727b316ec9ed32e4ba0b50e2731ede2/release/_Arcade%20Offset/_CP%20System/_HBMame/Street%20Fighter%20II%27%20Champion%20Edition%20%28Golden%20Edition%20180924%29%20%5Bhbmame%5D.mra"}, "_Arcade/_Arcade Offset/_CP System/_HBMame/Street Fighter II' Champion Edition (Golden Edition Deluxe 190331) [hbmame].mra": {"delete": [], "hash": "27c58f7179de982ab7fad029286af5b6", "size": 2562015, "url": "https://raw.githubusercontent.com/atrac17/Arcade_Offset/cb9701796727b316ec9ed32e4ba0b50e2731ede2/release/_Arcade%20Offset/_CP%20System/_HBMame/Street%20Fighter%20II%27%20Champion%20Edition%20%28Golden%20Edition%20Deluxe%20190331%29%20%5Bhbmame%5D.mra"}, "_Arcade/_Arcade Offset/_CP System/_HBMame/Street Fighter II' Champion Edition (Koryu V2 181101) [hbmame].mra": {"delete": [], "hash": "90b0ce202e42d0178aa8ae0af1c9c5a9", "size": 3346170, "url": "https://raw.githubusercontent.com/atrac17/Arcade_Offset/cb9701796727b316ec9ed32e4ba0b50e2731ede2/release/_Arcade%20Offset/_CP%20System/_HBMame/Street%20Fighter%20II%27%20Champion%20Edition%20%28Koryu%20V2%20181101%29%20%5Bhbmame%5D.mra"}, "_Arcade/_Arcade Offset/_CP System/_HBMame/Street Fighter II' Champion Edition (Omega Edition 181112) [hbmame].mra": {"delete": [], "hash": "8008f9ad003afb2ab30a2ef7b23323ae", "size": 2557151, "url": "https://raw.githubusercontent.com/atrac17/Arcade_Offset/cb9701796727b316ec9ed32e4ba0b50e2731ede2/release/_Arcade%20Offset/_CP%20System/_HBMame/Street%20Fighter%20II%27%20Champion%20Edition%20%28Omega%20Edition%20181112%29%20%5Bhbmame%5D.mra"}, "_Arcade/_Arcade Offset/_Capcom M68000/Street Fighter (US, set 1) [yumeji sf1++].mra": {"delete": [], "hash": "db3f0e5dd1c4100d1ee22698a4c58c68", "size": 53694, "url": "https://raw.githubusercontent.com/atrac17/Arcade_Offset/cb9701796727b316ec9ed32e4ba0b50e2731ede2/release/_Arcade%20Offset/_Capcom%20M68000/Street%20Fighter%20%28US%2C%20set%201%29%20%5Byumeji%20sf1%2B%2B%5D.mra"}, "_Arcade/_Arcade Offset/_Other/Battle Garegga (Europe - USA - Japan - Asia) (Sat Feb 3 1996) [Zakk roms].mra": {"delete": [], "hash": "ddd74e3335ccd4b06cfcad59d4842d9d", "size": 7622, "url": "https://raw.githubusercontent.com/atrac17/Arcade_Offset/cb9701796727b316ec9ed32e4ba0b50e2731ede2/release/_Arcade%20Offset/_Other/Battle%20Garegga%20%28Europe%20-%20USA%20-%20Japan%20-%20Asia%29%20%28Sat%20Feb%203%201996%29%20%5BZakk%20roms%5D.mra"}, "_Arcade/_Arcade Offset/_Other/Zero Wing (2P set) [No Flash].mra": {"delete": [], "hash": "f9914209beecf09e0f875a7e6b68d97d", "size": 2664, "url": "https://raw.githubusercontent.com/atrac17/Arcade_Offset/cb9701796727b316ec9ed32e4ba0b50e2731ede2/release/_Arcade%20Offset/_Other/Zero%20Wing%20%282P%20set%29%20%5BNo%20Flash%5D.mra"}}, "files_count": 68, "folders": {"_Arcade/_Arcade Offset": {}, "_Arcade/_Arcade Offset/_CP System": {}, "_Arcade/_Arcade Offset/_CP System Changer": {}, "_Arcade/_Arcade Offset/_CP System II": {}, "_Arcade/_Arcade Offset/_CP System II/_Colorblind": {}, "_Arcade/_Arcade Offset/_CP System II/_HBMame": {}, "_Arcade/_Arcade Offset/_CP System II/_Training": {}, "_Arcade/_Arcade Offset/_CP System II/_Unlocked": {}, "_Arcade/_Arcade Offset/_CP System/_HBMame": {}, "_Arcade/_Arcade Offset/_Capcom M68000": {}, "_Arcade/_Arcade Offset/_Other": {}}, "folders_count": 11, "header": ["\n\u001b[0m \n\u001b[0;35m             __    _                      _          ___   __  __          _\n\u001b[0;35m            / /   / \\   _ __ ___ __ _  __| | ___    / _ \\ / _|/ _|___  ___| |_\n\u001b[0;35m           / /   / _ \\ |  __/ __/ _  |/ _  |/ _ \\  | | | | |_| |_/ __|/ _ \\ __|\n\u001b[0;35m        _ / /   / ___ \\| | | (_| (_| | (_| |  __/  | |_| |  _|  _\\__ \\  __/ |_\n\u001b[0;35m       (_)_/___/_/   \\_\\_|  \\___\\__,_|\\__,_|\\___|   \\___/|_| |_| |___/\\___|\\__|\n\u001b[0;35m          |_____|\n\u001b[0m\n\n\n"], "latest_zip_url": "https://github.com/atrac17/Arcade_Offset/archive/refs/heads/db.zip", "time": "2023/10/06 13:31:18", "timestamp": 1696613493, "zips": {}}